grade,alloy_family,density_g_cm3,machinability_index,uts_mpa,price_eur_kg,kgco2e_kg,aliases
6061-T6,ALUMINIUM,2.7,1.0,310,4.2,8.6,6061|AA6061|AL6061|EN AW-6061|6061-T6511|6061T651|AL 6061 T6
6082-T6,ALUMINIUM,2.7,0.95,340,4.0,8.6,6082|EN AW-6082|AA6082|6082T6
6026-T9,ALUMINIUM,2.7,1.3,330,5.2,8.8,6026|EN AW-6026
2024-T3,ALUMINIUM,2.78,0.85,483,6.5,10.5,2024|AA2024|AL2024|2024-T351|2219
7075-T6,ALUMINIUM,2.81,0.8,572,7.0,11.2,7075|AA7075|AL7075|7075-T651|7050|7050-T7451|7175|7475
5083-H111,ALUMINIUM,2.66,0.55,290,4.8,9.0,5083|AA5083|AL5083
304L,STAINLESS,8.0,0.42,520,3.6,4.2,304|SS304|AISI 304|1.4301|1.4307|A2|X5CrNi18-10
316L,STAINLESS,8.0,0.35,550,5.8,5.1,316|SS316|AISI 316|1.4404|1.4401|A4|X2CrNiMo17-12-2
303,STAINLESS,8.0,0.6,620,4.2,4.3,SS303|AISI 303|1.4305
17-4PH H1025,STAINLESS,7.8,0.32,1070,9.5,5.4,17-4PH|174PH|17-4|1.4542|AISI 630|S17400
15-5PH H1025,STAINLESS,7.8,0.33,1030,10.5,5.4,15-5PH|155PH|15-5|1.4545|S15500
13-8Mo H1000,STAINLESS,7.76,0.28,1415,18.0,5.8,13-8MO|13-8PH|138MO|1.4534|S13800|CUSTOM 465
440C,STAINLESS,7.68,0.3,760,8.0,5.0,1.4125|AISI 440C|X105CrMo17
S355JR,STEEL,7.85,0.6,510,1.2,1.9,S355|1.0045|ST52|E355
C45,STEEL,7.85,0.55,660,1.4,2.0,1.0503|AISI 1045|1045|CK45
42CrMo4,STEEL,7.85,0.45,1000,2.0,2.2,1.7225|42CRMO|708M40
4140,STEEL,7.85,0.45,950,1.9,2.2,AISI 4140|SCM440|4130|AISI 4130
16MnCr5,STEEL,7.85,0.5,800,1.8,2.1,1.7131|AISI 5115
1.2312,STEEL,7.85,0.4,1000,4.5,2.6,40CRMNMOS8-6|P20+S
Ti-6Al-4V,TITANIUM,4.43,0.18,950,38.0,32.0,TI6AL4V|TI-6AL-4V|GRADE 5|GR5|TI GR5|UNS R56400|3.7165|TI 6-4|TIAL6V4|TI-6-4
Ti-6Al-4V ELI,TITANIUM,4.43,0.17,900,46.0,33.0,GRADE 23|GR23|TI6AL4VELI|3.7164
Ti-10V-2Fe-3Al,TITANIUM,4.65,0.15,1100,62.0,35.0,TI-10-2-3|TI10V2FE3AL
Inconel 718,NICKEL,8.19,0.12,1375,42.0,22.0,IN718|INCO718|ALLOY 718|2.4668|UNS N07718|NICKEL 718
Inconel 625,NICKEL,8.44,0.13,930,38.0,21.0,IN625|ALLOY 625|2.4856|UNS N06625
Waspaloy,NICKEL,8.19,0.1,1280,70.0,25.0,WASPALLOY|UNS N07001
CuZn39Pb3,COPPER,8.47,1.8,420,7.5,3.5,CW614N|BRASS|MS58|2.0401|C26000|C360|CZ121|CW505L
C101,COPPER,8.94,0.65,250,9.5,3.8,CU-ETP|CUETP|COPPER|C110|CW004A|2.0065
C63000,COPPER,7.58,0.3,760,14.0,4.6,ALUMINIUM BRONZE|UNS C63000|CUAL10NI5FE4|NIAL BRONZE|CW307G|C63020
POM-C,POLYMER,1.41,2.2,68,5.5,3.0,POM|ACETAL|DELRIN|POM-H
PA66,POLYMER,1.14,2.0,82,6.0,7.0,NYLON|NYLON 66|PA6|PA 6.6
PEEK,POLYMER,1.3,1.2,100,95.0,12.0,PEEK 450G|POLYETHERETHERKETONE
