group,legal_entities,countries,country_list,distinct_ultimate_parents,ultimate_parent_names,low_confidence_entities,eu_projects,eu_contribution_eur
Mars,387,49,AT|AU|BE|BS|CA|CH|CY|CZ|DE|DK|ES|FI|FO|FR|GB|GR|HR|HU|ID|IE|IL|IN|IS|IT|JE|JP|KY|LI|LT|LU|LV|MU|NL|NO|NZ|OM|PH|PL|PT|RO|SE|SG|SI|TH|TR|US|VE|VG|ZA,3,"AL MAJID INVESTMENT CO (L.L.C)|KRYALOS INVESTMENTS S.R.L.|MARS, INCORPORATED",142,1,0.0
Cargill,230,49,AE|AR|AT|AU|BE|BR|CA|CH|CO|DE|DK|EC|ES|FI|FR|GB|GH|GI|HN|HU|ID|IE|IN|IT|KE|KY|LU|MU|MX|MY|NI|NL|NO|PE|PH|PL|PT|PY|RO|RU|SG|SK|TR|TW|US|UY|VE|VN|ZA,0,,23,4,586370.25
Bel,226,26,AU|BE|CA|CH|CO|CZ|DE|DK|ES|FI|FR|GB|IM|IN|IT|KZ|LI|LU|NL|NO|NZ|PL|RO|SE|US|VG,0,,0,7,1067556.1
GEA Group,208,35,AE|AI|AR|AU|BE|BR|CA|CH|CO|CZ|DE|DK|ES|FI|FR|GB|GR|HK|HR|HU|IE|IN|IT|JP|MX|MY|NL|NO|NZ|PA|PL|SE|SG|TR|US,0,,0,6,3999402.84
Archer Daniels Midland,188,37,AU|BE|BR|CA|CH|CL|CZ|DE|DK|DO|ES|FR|GB|GR|HU|IE|IN|IT|JE|KY|LU|MX|NL|PA|PL|PT|PY|RO|SE|SG|SI|SK|TR|US|UY|UZ|ZA,0,,0,2,3896287.5
Nestle,138,48,AE|AT|AU|BD|BE|BR|CA|CH|CL|CO|CR|CZ|DE|DK|DO|EC|EG|ES|FI|FR|GB|GR|HR|HU|ID|IE|IN|IT|LK|LU|MT|MX|MY|NG|NL|NO|NZ|PE|PH|PL|PT|RO|SE|SG|TR|US|VN|ZA,1,NESTLÉ S.A.,24,5,207587.5
Unilever,135,61,AR|BD|BE|BO|BR|CA|CH|CI|CL|CO|CR|CY|CZ|DE|DK|DO|ES|FR|GB|GH|GT|HN|HU|ID|IE|IN|IT|JE|KE|LK|LU|MA|MY|MZ|NG|NI|NL|NP|PA|PE|PH|PK|PL|PR|PT|PY|RO|SE|SG|SV|TH|TN|TR|TT|TZ|UG|US|UY|VN|ZA|ZW,2,UNILEVER N.V.|UNILEVER PLC,17,13,1694146.68
Bunge,110,41,AE|AR|AT|AU|BE|BM|BR|CA|CH|CL|CN|CZ|DE|ES|FI|FR|GB|HU|ID|IN|IT|LI|MT|MX|MY|NL|NZ|PE|PH|PL|PY|QA|RO|SA|SE|SG|TR|US|UY|VG|ZA,0,,11,0,0
Amcor,101,32,AT|AU|BE|BS|CA|CH|CL|CY|CZ|DE|DK|DO|ES|FI|FR|GB|GG|ID|IE|IN|IT|JE|NL|NZ|PH|PL|PT|RO|SG|TR|US|ZA,0,,3,0,0
Danone,82,31,AT|AU|BE|BR|CH|CZ|DE|DK|ES|FI|FR|GB|GR|GT|HR|HU|IE|IN|IT|LU|NL|NO|PL|PT|RO|SE|SG|SK|TR|VN|ZA,2,DANONE|SIRMAGRUP İÇECEK SANAYİ VE TİCARET ANONİM ŞİRKETİ,22,7,305193.75
Bühler,77,16,AT|CA|CH|CZ|DE|ES|FR|GB|IN|IT|LI|NL|PK|SE|US|ZA,0,,25,2,0.0
Kerry Group,76,15,AU|BM|DE|ES|GB|HK|IE|IM|IN|MY|NL|SE|US|VG|ZA,0,,32,1,99793.75
Ferrero,66,15,AU|BE|CA|DE|ES|FR|GB|HK|IN|IT|LU|MX|SE|SG|US,1,FERRERO INTERNATIONAL S.A.,26,1,167343.75
Kellogg,51,12,BM|CA|DE|DK|FR|GB|IE|IN|MX|NL|SG|US,0,,10,0,0
PepsiCo,41,18,AR|AU|BM|CA|CO|CW|ES|FR|GB|GR|IE|IN|IT|NL|PL|SG|US|VN,0,,8,0,0
Marel,39,14,BE|CH|CZ|DE|DK|EE|ES|FR|GB|IS|IT|NL|PL|US,0,,16,0,0
Mondelez,37,22,AT|BR|CH|CO|CR|CZ|DE|DO|GB|ID|IE|IN|MA|MY|NL|NO|PE|PH|RO|SG|US|ZA,1,"MONDELEZ INTERNATIONAL, INC.",3,0,0
AAK,33,17,AU|BE|CO|DE|DK|GB|IN|LI|MT|MX|MY|NL|NO|PL|SE|TR|US,0,,0,0,0
Givaudan,29,15,AU|BR|CH|DE|ES|FR|GB|HU|ID|IN|MY|NL|SG|VN|ZA,0,,4,1,410375.0
Tereos,28,10,BE|BR|CH|CZ|ES|FR|GB|ID|LU|RO,0,,1,0,0
JBT,28,15,AE|AT|AU|BE|DE|DK|ES|FR|GB|IN|IS|NL|NO|PL|US,0,,0,0,0
FrieslandCampina,27,10,AE|BE|GB|HU|NG|NL|PK|PL|RO|TH,0,,2,2,153825.0
Lactalis,24,11,BE|CA|CZ|ES|FR|GB|HU|PL|RO|SE|US,1,B.S.A,1,1,0.0
Roquette,24,11,CH|DE|ES|FR|GB|IN|IT|LT|LU|SG|US,0,,9,3,48920.0
International Flavors & Fragrances,22,11,AT|CA|DE|ES|FI|IN|IT|LU|NL|SE|US,0,,0,2,0.0
Orkla,20,11,BE|DK|EE|FI|IE|IN|LT|NL|NO|SE|SG,0,,2,0,0
Firmenich,19,11,AR|BE|BR|CH|FR|GB|ID|IN|NO|US|ZA,0,,4,1,0.0
Savencia,18,10,CH|CZ|DE|DK|FR|GB|HK|HU|IN|US,0,,2,0,0
Nutreco,18,7,BE|CL|DE|ES|GB|NL|VN,0,,2,1,0.0
Ingredion,16,14,AU|CA|CO|DE|GB|ID|IN|MX|NL|PE|SG|US|VN|ZA,0,,2,0,0
Dohler,15,7,DE|DK|GB|HU|NL|PL|TR,0,,0,1,0.0
Louis Dreyfus,15,9,BE|CH|ES|FR|GB|IT|NL|SG|US,0,,0,0,0
Barilla,14,8,DE|FR|GB|IT|NL|SE|SG|US,0,,3,7,563953.25
Agrana,14,4,AT|PL|RO|SI,0,,0,0,0
SIG Group,14,10,AE|AT|BR|CH|DE|IN|LU|MX|SG|US,0,,0,6,1567403.51
Arla Foods,12,5,DE|DK|GB|NL|SE,0,,0,3,0.0
Valio,11,4,DE|ES|FI|NO,0,,0,7,639550.0
Symrise,10,8,AT|AU|BE|DE|ES|IN|MX|SG,0,,0,2,325140.5
Krones,9,4,DE|IN|MX|US,0,,0,0,0
Alpro,9,7,BE|DE|IE|IN|PL|SI|TR,0,,1,0,0
Barry Callebaut,8,6,BE|CH|FR|GB|NL|US,0,,0,0,0
Sudzucker,7,5,BE|DE|LU|NL|PL,0,,0,1,367937.5
Tetra Pak,7,7,AR|AT|BE|FI|GB|HR|SK,0,,0,0,0
Novonesis,6,2,DK|IN,0,,0,15,1895560.5
General Mills,5,3,CH|NL|US,0,,0,0,0
Nomad Foods,5,2,GB|VG,0,,0,2,198881.45
Upfield,5,5,CA|GB|IN|NL|US,0,,1,0,0
Dr Oetker,4,4,AT|GB|HR|US,0,,0,0,0
Formo,4,3,AT|IN|NO,0,,0,0,0
Kraft Heinz,3,3,CA|NL|US,0,,0,0,0
Danish Crown,3,2,DK|FR,0,,0,0,0
Tate & Lyle,2,2,FR|IT,0,,0,0,0
Corbion,2,1,NL,0,,1,3,177629.0
Oatly,2,1,SE,0,,0,1,0.0
Beyond Meat,1,1,US,0,,0,0,0
Ynsect,1,1,FR,0,,0,1,517223.77
Protix,1,1,NL,0,,0,0,0
Mosa Meat,1,1,NL,0,,0,1,51250.0
